{"avg_storey_range": [2.0, 50.0], "floor_area_sqm": [31.0, 280.0], "normalized_resale_price": [154209.1203140869, 1540198.2919407086], "total_dwelling_units": [2, 570], "vacancy": [20, 110]}